"day","UA","UD","FD","FA","fed","total","dead","wash_status","insecticide_name","treatment"
2020-09-02,8,1,0,0,0,9,1,"0","PermaNet2.0",1
2020-09-02,14,7,0,0,0,21,7,"0","PermaNet2.0",1
2020-09-02,96,19,0,0,0,115,19,"20","PermaNet2.0",1
2020-09-02,24,5,0,0,0,29,5,"20","PermaNet2.0",1
2020-09-02,42,6,0,0,0,48,6,"0","OlysetPlus",2
2020-09-02,25,19,0,0,0,44,19,"0","OlysetPlus",2
2020-09-02,106,3,0,0,0,109,3,"20","OlysetPlus",2
2020-09-02,103,29,1,0,1,133,30,"20","OlysetPlus",2
2020-09-02,16,1,0,1,1,18,1,"Control","Negative control",0
2020-09-02,0,0,0,0,0,0,0,"Control","Negative control",0
2020-09-03,39,0,0,1,1,40,0,"0","PermaNet2.0",1
2020-09-03,10,2,0,1,1,13,2,"0","PermaNet2.0",1
2020-09-03,20,1,0,1,1,22,1,"20","PermaNet2.0",1
2020-09-03,39,9,0,2,2,50,9,"20","PermaNet2.0",1
2020-09-03,40,15,1,0,1,56,16,"0","OlysetPlus",2
2020-09-03,30,13,0,0,0,43,13,"0","OlysetPlus",2
2020-09-03,34,9,0,0,0,43,9,"20","OlysetPlus",2
2020-09-03,30,9,0,0,0,39,9,"20","OlysetPlus",2
2020-09-03,11,0,0,0,0,11,0,"Control","Negative control",0
2020-09-03,4,2,0,0,0,6,2,"Control","Negative control",0
2020-09-04,14,0,0,0,0,14,0,"0","PermaNet2.0",1
2020-09-04,33,9,0,3,3,45,9,"0","PermaNet2.0",1
2020-09-04,96,7,0,0,0,103,7,"20","PermaNet2.0",1
2020-09-04,108,71,1,2,3,182,72,"20","PermaNet2.0",1
2020-09-04,13,34,0,0,0,47,34,"0","OlysetPlus",2
2020-09-04,7,1,0,0,0,8,1,"0","OlysetPlus",2
2020-09-04,47,9,0,0,0,56,9,"20","OlysetPlus",2
2020-09-04,24,8,0,0,0,32,8,"20","OlysetPlus",2
2020-09-04,18,0,0,3,3,21,0,"Control","Negative control",0
2020-09-04,1,0,0,0,0,1,0,"Control","Negative control",0
2020-09-05,33,10,0,0,0,43,10,"0","PermaNet2.0",1
2020-09-05,88,9,0,3,3,100,9,"0","PermaNet2.0",1
2020-09-05,63,7,0,0,0,70,7,"20","PermaNet2.0",1
2020-09-05,49,2,0,0,0,51,2,"20","PermaNet2.0",1
2020-09-05,40,9,0,0,0,49,9,"0","OlysetPlus",2
2020-09-05,21,8,0,1,1,30,8,"0","OlysetPlus",2
2020-09-05,87,7,0,2,2,96,7,"20","OlysetPlus",2
2020-09-05,35,9,0,0,0,44,9,"20","OlysetPlus",2
2020-09-05,17,0,0,0,0,17,0,"Control","Negative control",0
2020-09-05,21,0,0,3,3,24,0,"Control","Negative control",0
2020-09-06,14,6,0,0,0,20,6,"0","PermaNet2.0",1
2020-09-06,5,0,1,0,1,6,1,"0","PermaNet2.0",1
2020-09-06,27,0,0,1,1,28,0,"20","PermaNet2.0",1
2020-09-06,20,4,0,0,0,24,4,"20","PermaNet2.0",1
2020-09-06,20,4,0,0,0,24,4,"0","OlysetPlus",2
2020-09-06,7,9,0,0,0,16,9,"0","OlysetPlus",2
2020-09-06,35,10,0,0,0,45,10,"20","OlysetPlus",2
2020-09-06,76,20,0,0,0,96,20,"20","OlysetPlus",2
2020-09-06,67,2,1,2,3,72,3,"Control","Negative control",0
2020-09-06,6,0,0,0,0,6,0,"Control","Negative control",0
2020-09-07,21,0,0,0,0,21,0,"0","PermaNet2.0",1
2020-09-07,10,2,0,0,0,12,2,"0","PermaNet2.0",1
2020-09-07,12,1,0,2,2,15,1,"20","PermaNet2.0",1
2020-09-07,16,3,0,1,1,20,3,"20","PermaNet2.0",1
2020-09-07,19,7,0,0,0,26,7,"0","OlysetPlus",2
2020-09-07,9,10,0,0,0,19,10,"0","OlysetPlus",2
2020-09-07,118,5,0,1,1,124,5,"20","OlysetPlus",2
2020-09-07,33,11,0,0,0,44,11,"20","OlysetPlus",2
2020-09-07,20,0,0,0,0,20,0,"Control","Negative control",0
2020-09-07,9,0,0,2,2,11,0,"Control","Negative control",0
2020-09-08,18,1,0,0,0,19,1,"0","PermaNet2.0",1
2020-09-08,11,5,0,0,0,16,5,"0","PermaNet2.0",1
2020-09-08,20,0,0,0,0,20,0,"20","PermaNet2.0",1
2020-09-08,28,2,2,0,2,32,4,"20","PermaNet2.0",1
2020-09-08,31,4,1,1,2,37,5,"0","OlysetPlus",2
2020-09-08,11,1,0,0,0,12,1,"0","OlysetPlus",2
2020-09-08,60,16,0,1,1,77,16,"20","OlysetPlus",2
2020-09-08,41,12,0,0,0,53,12,"20","OlysetPlus",2
2020-09-08,18,5,0,2,2,25,5,"Control","Negative control",0
2020-09-08,18,2,0,2,2,22,2,"Control","Negative control",0
2020-09-10,39,6,0,0,0,45,6,"0","PermaNet2.0",1
2020-09-10,13,0,0,2,2,15,0,"0","PermaNet2.0",1
2020-09-10,34,9,0,1,1,44,9,"20","PermaNet2.0",1
2020-09-10,29,1,1,0,1,31,2,"20","PermaNet2.0",1
2020-09-10,60,18,0,0,0,78,18,"0","OlysetPlus",2
2020-09-10,22,9,0,2,2,33,9,"0","OlysetPlus",2
2020-09-10,94,17,0,1,1,112,17,"20","OlysetPlus",2
2020-09-10,37,9,0,0,0,46,9,"20","OlysetPlus",2
2020-09-10,36,4,0,1,1,41,4,"Control","Negative control",0
2020-09-10,23,0,1,3,4,27,1,"Control","Negative control",0
2020-09-11,10,2,0,0,0,12,2,"0","PermaNet2.0",1
2020-09-11,12,19,0,0,0,31,19,"0","PermaNet2.0",1
2020-09-11,21,7,1,0,1,29,8,"20","PermaNet2.0",1
2020-09-11,34,43,1,3,4,81,44,"20","PermaNet2.0",1
2020-09-11,32,23,0,0,0,55,23,"0","OlysetPlus",2
2020-09-11,17,38,0,0,0,55,38,"0","OlysetPlus",2
2020-09-11,24,11,0,0,0,35,11,"20","OlysetPlus",2
2020-09-11,71,12,0,0,0,83,12,"20","OlysetPlus",2
2020-09-11,5,0,0,0,0,5,0,"Control","Negative control",0
2020-09-11,5,1,0,0,0,6,1,"Control","Negative control",0
2020-09-12,18,23,0,2,2,43,23,"0","PermaNet2.0",1
2020-09-12,20,22,1,1,2,44,23,"0","PermaNet2.0",1
2020-09-12,20,0,0,0,0,20,0,"20","PermaNet2.0",1
2020-09-12,34,22,0,0,0,56,22,"20","PermaNet2.0",1
2020-09-12,34,42,0,0,0,76,42,"0","OlysetPlus",2
2020-09-12,34,36,0,1,1,71,36,"0","OlysetPlus",2
2020-09-12,35,21,1,0,1,57,22,"20","OlysetPlus",2
2020-09-12,6,1,0,0,0,7,1,"20","OlysetPlus",2
2020-09-12,9,6,0,0,0,15,6,"Control","Negative control",0
2020-09-12,3,4,0,0,0,7,4,"Control","Negative control",0
2020-09-13,39,23,0,0,0,62,23,"0","PermaNet2.0",1
2020-09-13,15,4,0,1,1,20,4,"0","PermaNet2.0",1
2020-09-13,32,10,1,1,2,44,11,"20","PermaNet2.0",1
2020-09-13,75,31,10,8,18,124,41,"20","PermaNet2.0",1
2020-09-13,43,12,0,0,0,55,12,"0","OlysetPlus",2
2020-09-13,2,3,0,0,0,5,3,"0","OlysetPlus",2
2020-09-13,9,1,0,0,0,10,1,"20","OlysetPlus",2
2020-09-13,17,2,0,4,4,23,2,"20","OlysetPlus",2
2020-09-13,11,0,0,0,0,11,0,"Control","Negative control",0
2020-09-13,4,0,0,0,0,4,0,"Control","Negative control",0
2020-09-14,6,5,1,0,1,12,6,"0","PermaNet2.0",1
2020-09-14,11,0,0,0,0,11,0,"0","PermaNet2.0",1
2020-09-14,32,21,0,5,5,58,21,"20","PermaNet2.0",1
2020-09-14,11,9,0,2,2,22,9,"20","PermaNet2.0",1
2020-09-14,9,12,0,1,1,22,12,"0","OlysetPlus",2
2020-09-14,0,0,0,0,0,0,0,"0","OlysetPlus",2
2020-09-14,19,17,1,1,2,38,18,"20","OlysetPlus",2
2020-09-14,6,12,2,0,2,20,14,"20","OlysetPlus",2
2020-09-14,2,0,0,0,0,2,0,"Control","Negative control",0
2020-09-14,9,17,2,2,4,30,19,"Control","Negative control",0
2020-09-15,32,2,0,4,4,38,2,"0","PermaNet2.0",1
2020-09-15,6,7,0,0,0,13,7,"0","PermaNet2.0",1
2020-09-15,11,3,2,0,2,16,5,"20","PermaNet2.0",1
2020-09-15,40,20,0,2,2,62,20,"20","PermaNet2.0",1
2020-09-15,35,35,0,0,0,70,35,"0","OlysetPlus",2
2020-09-15,17,18,0,0,0,35,18,"0","OlysetPlus",2
2020-09-15,9,4,1,0,1,14,5,"20","OlysetPlus",2
2020-09-15,19,18,0,0,0,37,18,"20","OlysetPlus",2
2020-09-15,9,0,0,3,3,12,0,"Control","Negative control",0
2020-09-15,5,0,0,0,0,5,0,"Control","Negative control",0
2020-09-16,11,3,0,2,2,16,3,"0","PermaNet2.0",1
2020-09-16,12,3,0,1,1,16,3,"0","PermaNet2.0",1
2020-09-16,23,8,0,2,2,33,8,"20","PermaNet2.0",1
2020-09-16,10,7,0,2,2,19,7,"20","PermaNet2.0",1
2020-09-16,10,11,0,0,0,21,11,"0","OlysetPlus",2
2020-09-16,4,15,1,0,1,20,16,"0","OlysetPlus",2
2020-09-16,13,7,0,0,0,20,7,"20","OlysetPlus",2
2020-09-16,12,12,0,0,0,24,12,"20","OlysetPlus",2
2020-09-16,8,1,0,0,0,9,1,"Control","Negative control",0
2020-09-16,5,3,0,0,0,8,3,"Control","Negative control",0
2020-09-18,58,24,0,3,3,85,24,"0","PermaNet2.0",1
2020-09-18,39,24,0,2,2,65,24,"0","PermaNet2.0",1
2020-09-18,66,29,1,0,1,96,30,"20","PermaNet2.0",1
2020-09-18,19,18,1,1,2,39,19,"20","PermaNet2.0",1
2020-09-18,18,5,1,0,1,24,6,"0","OlysetPlus",2
2020-09-18,21,25,0,0,0,46,25,"0","OlysetPlus",2
2020-09-18,46,23,1,0,1,70,24,"20","OlysetPlus",2
2020-09-18,17,14,1,0,1,32,15,"20","OlysetPlus",2
2020-09-18,11,0,0,0,0,11,0,"Control","Negative control",0
2020-09-18,8,0,0,2,2,10,0,"Control","Negative control",0
2020-09-19,12,1,0,3,3,16,1,"0","PermaNet2.0",1
2020-09-19,13,1,0,0,0,14,1,"0","PermaNet2.0",1
2020-09-19,29,4,0,0,0,33,4,"20","PermaNet2.0",1
2020-09-19,32,12,0,0,0,44,12,"20","PermaNet2.0",1
2020-09-19,10,9,0,1,1,20,9,"0","OlysetPlus",2
2020-09-19,6,13,0,0,0,19,13,"0","OlysetPlus",2
2020-09-19,19,7,0,0,0,26,7,"20","OlysetPlus",2
2020-09-19,35,14,0,0,0,49,14,"20","OlysetPlus",2
2020-09-19,14,2,0,0,0,16,2,"Control","Negative control",0
2020-09-19,25,2,0,2,2,29,2,"Control","Negative control",0
2020-09-20,17,10,0,0,0,27,10,"0","PermaNet2.0",1
2020-09-20,14,13,0,0,0,27,13,"0","PermaNet2.0",1
2020-09-20,24,19,2,5,7,50,21,"20","PermaNet2.0",1
2020-09-20,26,10,0,1,1,37,10,"20","PermaNet2.0",1
2020-09-20,12,30,0,0,0,42,30,"0","OlysetPlus",2
2020-09-20,18,28,0,0,0,46,28,"0","OlysetPlus",2
2020-09-20,39,18,0,1,1,58,18,"20","OlysetPlus",2
2020-09-20,54,51,0,0,0,105,51,"20","OlysetPlus",2
2020-09-20,12,0,0,0,0,12,0,"Control","Negative control",0
2020-09-20,3,0,0,0,0,3,0,"Control","Negative control",0
2020-09-21,19,11,1,5,6,36,12,"0","PermaNet2.0",1
2020-09-21,6,3,0,0,0,9,3,"0","PermaNet2.0",1
2020-09-21,12,4,2,2,4,20,6,"20","PermaNet2.0",1
2020-09-21,31,18,0,0,0,49,18,"20","PermaNet2.0",1
2020-09-21,12,9,0,0,0,21,9,"0","OlysetPlus",2
2020-09-21,32,56,0,0,0,88,56,"0","OlysetPlus",2
2020-09-21,28,7,0,0,0,35,7,"20","OlysetPlus",2
2020-09-21,23,13,0,0,0,36,13,"20","OlysetPlus",2
2020-09-21,16,6,0,0,0,22,6,"Control","Negative control",0
2020-09-21,7,1,0,0,0,8,1,"Control","Negative control",0
2020-09-22,50,10,0,0,0,60,10,"0","PermaNet2.0",1
2020-09-22,36,10,0,0,0,46,10,"0","PermaNet2.0",1
2020-09-22,24,7,2,2,4,35,9,"20","PermaNet2.0",1
2020-09-22,51,13,1,7,8,72,14,"20","PermaNet2.0",1
2020-09-22,18,4,0,0,0,22,4,"0","OlysetPlus",2
2020-09-22,7,8,2,2,4,19,10,"0","OlysetPlus",2
2020-09-22,35,13,1,0,1,49,14,"20","OlysetPlus",2
2020-09-22,21,7,0,1,1,29,7,"20","OlysetPlus",2
2020-09-22,15,1,0,1,1,17,1,"Control","Negative control",0
2020-09-22,12,4,0,0,0,16,4,"Control","Negative control",0
2020-09-23,11,22,0,1,1,34,22,"0","PermaNet2.0",1
2020-09-23,39,2,0,1,1,42,2,"0","PermaNet2.0",1
2020-09-23,54,17,0,0,0,71,17,"20","PermaNet2.0",1
2020-09-23,18,10,0,0,0,28,10,"20","PermaNet2.0",1
2020-09-23,12,8,0,0,0,20,8,"0","OlysetPlus",2
2020-09-23,5,14,0,0,0,19,14,"0","OlysetPlus",2
2020-09-23,14,1,0,0,0,15,1,"20","OlysetPlus",2
2020-09-23,11,32,3,0,3,46,35,"20","OlysetPlus",2
2020-09-23,10,1,0,0,0,11,1,"Control","Negative control",0
2020-09-23,5,6,0,1,1,12,6,"Control","Negative control",0
2020-09-24,57,0,0,2,2,59,0,"0","PermaNet2.0",1
2020-09-24,5,4,0,1,1,10,4,"0","PermaNet2.0",1
2020-09-24,25,13,1,2,3,41,14,"20","PermaNet2.0",1
2020-09-24,42,10,1,3,4,56,11,"20","PermaNet2.0",1
2020-09-24,30,19,0,0,0,49,19,"0","OlysetPlus",2
2020-09-24,3,4,0,0,0,7,4,"0","OlysetPlus",2
2020-09-24,29,6,0,1,1,36,6,"20","OlysetPlus",2
2020-09-24,32,11,0,0,0,43,11,"20","OlysetPlus",2
2020-09-24,31,5,0,0,0,36,5,"Control","Negative control",0
2020-09-24,6,0,1,0,1,7,1,"Control","Negative control",0
2020-09-26,52,27,0,0,0,79,27,"20","PermaNet2.0",1
2020-09-26,23,10,0,0,0,33,10,"20","PermaNet2.0",1
2020-09-26,26,13,0,0,0,39,13,"0","OlysetPlus",2
2020-09-26,14,21,0,0,0,35,21,"0","OlysetPlus",2
2020-09-26,22,13,0,1,1,36,13,"20","OlysetPlus",2
2020-09-26,41,43,1,0,1,85,44,"20","OlysetPlus",2
2020-09-26,23,7,0,1,1,31,7,"Control","Negative control",0
2020-09-26,24,0,0,2,2,26,0,"Control","Negative control",0
2020-09-26,47,24,0,2,2,73,24,"0","PermaNet2.0",1
2020-09-26,16,6,0,1,1,23,6,"0","PermaNet2.0",1
2020-09-27,39,1,2,2,4,44,3,"20","PermaNet2.0",1
2020-09-27,10,3,0,0,0,13,3,"20","PermaNet2.0",1
2020-09-27,31,12,0,0,0,43,12,"0","OlysetPlus",2
2020-09-27,12,31,0,0,0,43,31,"0","OlysetPlus",2
2020-09-27,32,21,1,0,1,54,22,"20","OlysetPlus",2
2020-09-27,18,32,1,0,1,51,33,"20","OlysetPlus",2
2020-09-27,4,1,0,2,2,7,1,"Control","Negative control",0
2020-09-27,10,1,0,0,0,11,1,"Control","Negative control",0
2020-09-27,42,9,1,3,4,55,10,"0","PermaNet2.0",1
2020-09-27,21,18,0,0,0,39,18,"0","PermaNet2.0",1
2020-09-28,23,7,0,0,0,30,7,"20","PermaNet2.0",1
2020-09-28,11,7,0,0,0,18,7,"20","PermaNet2.0",1
2020-09-28,19,13,0,0,0,32,13,"0","OlysetPlus",2
2020-09-28,10,19,0,0,0,29,19,"0","OlysetPlus",2
2020-09-28,8,0,0,1,1,9,0,"20","OlysetPlus",2
2020-09-28,11,16,0,0,0,27,16,"20","OlysetPlus",2
2020-09-28,6,4,0,0,0,10,4,"Control","Negative control",0
2020-09-28,9,1,0,0,0,10,1,"Control","Negative control",0
2020-09-28,35,21,0,0,0,56,21,"0","PermaNet2.0",1
2020-09-28,10,18,0,0,0,28,18,"0","PermaNet2.0",1
2020-09-29,50,12,3,6,9,71,15,"20","PermaNet2.0",1
2020-09-29,10,2,0,2,2,14,2,"20","PermaNet2.0",1
2020-09-29,13,10,0,1,1,24,10,"0","OlysetPlus",2
2020-09-29,2,0,0,0,0,2,0,"0","OlysetPlus",2
2020-09-29,16,4,0,0,0,20,4,"20","OlysetPlus",2
2020-09-29,14,6,0,0,0,20,6,"20","OlysetPlus",2
2020-09-29,1,1,0,0,0,2,1,"Control","Negative control",0
2020-09-29,2,0,0,1,1,3,0,"Control","Negative control",0
2020-09-29,16,13,0,1,1,30,13,"0","PermaNet2.0",1
2020-09-29,8,4,0,0,0,12,4,"0","PermaNet2.0",1
2020-09-30,32,1,0,4,4,37,1,"20","PermaNet2.0",1
2020-09-30,22,18,0,0,0,40,18,"20","PermaNet2.0",1
2020-09-30,30,11,0,2,2,43,11,"0","OlysetPlus",2
2020-09-30,12,26,0,0,0,38,26,"0","OlysetPlus",2
2020-09-30,35,11,0,2,2,48,11,"20","OlysetPlus",2
2020-09-30,14,17,0,0,0,31,17,"20","OlysetPlus",2
2020-09-30,15,1,0,2,2,18,1,"Control","Negative control",0
2020-09-30,6,0,0,4,4,10,0,"Control","Negative control",0
2020-09-30,46,10,0,0,0,56,10,"0","PermaNet2.0",1
2020-09-30,18,12,0,0,0,30,12,"0","PermaNet2.0",1
2020-10-01,38,26,0,2,2,66,26,"20","PermaNet2.0",1
2020-10-01,47,13,0,3,3,63,13,"20","PermaNet2.0",1
2020-10-01,39,15,0,0,0,54,15,"0","OlysetPlus",2
2020-10-01,11,8,0,0,0,19,8,"0","OlysetPlus",2
2020-10-01,21,7,1,2,3,31,8,"20","OlysetPlus",2
2020-10-01,16,7,0,0,0,23,7,"20","OlysetPlus",2
2020-10-01,10,0,0,3,3,13,0,"Control","Negative control",0
2020-10-01,7,3,0,3,3,13,3,"Control","Negative control",0
2020-10-01,44,22,0,0,0,66,22,"0","PermaNet2.0",1
2020-10-01,24,0,0,1,1,25,0,"0","PermaNet2.0",1
2020-10-02,21,10,1,4,5,36,11,"20","PermaNet2.0",1
2020-10-02,7,6,0,2,2,15,6,"20","PermaNet2.0",1
2020-10-02,5,6,0,2,2,13,6,"0","OlysetPlus",2
2020-10-02,4,5,0,0,0,9,5,"0","OlysetPlus",2
2020-10-02,17,2,0,2,2,21,2,"20","OlysetPlus",2
2020-10-02,9,4,0,0,0,13,4,"20","OlysetPlus",2
2020-10-02,2,0,1,1,2,4,1,"Control","Negative control",0
2020-10-02,1,0,0,2,2,3,0,"Control","Negative control",0
2020-10-02,13,13,0,0,0,26,13,"0","PermaNet2.0",1
2020-10-02,12,5,0,0,0,17,5,"0","PermaNet2.0",1
2020-10-04,32,8,2,0,2,42,10,"0","OlysetPlus",2
2020-10-04,3,21,0,0,0,24,21,"0","OlysetPlus",2
2020-10-04,21,14,0,1,1,36,14,"20","OlysetPlus",2
2020-10-04,2,16,0,0,0,18,16,"20","OlysetPlus",2
2020-10-04,8,1,0,0,0,9,1,"Control","Negative control",0
2020-10-04,8,0,1,2,3,11,1,"Control","Negative control",0
2020-10-04,13,7,0,4,4,24,7,"0","PermaNet2.0",1
2020-10-04,14,28,0,1,1,43,28,"0","PermaNet2.0",1
2020-10-04,42,23,0,0,0,65,23,"20","PermaNet2.0",1
2020-10-04,16,19,0,0,0,35,19,"20","PermaNet2.0",1
2020-10-05,22,12,1,1,2,36,13,"0","OlysetPlus",2
2020-10-05,3,8,0,0,0,11,8,"0","OlysetPlus",2
2020-10-05,22,2,0,2,2,26,2,"20","OlysetPlus",2
2020-10-05,10,23,0,0,0,33,23,"20","OlysetPlus",2
2020-10-05,3,0,0,0,0,3,0,"Control","Negative control",0
2020-10-05,0,1,0,2,2,3,1,"Control","Negative control",0
2020-10-05,38,10,0,4,4,52,10,"0","PermaNet2.0",1
2020-10-05,5,13,0,2,2,20,13,"0","PermaNet2.0",1
2020-10-05,15,12,1,2,3,30,13,"20","PermaNet2.0",1
2020-10-05,18,17,0,0,0,35,17,"20","PermaNet2.0",1
2020-10-06,5,5,0,0,0,10,5,"0","OlysetPlus",2
2020-10-06,2,8,0,0,0,10,8,"0","OlysetPlus",2
2020-10-06,18,10,0,0,0,28,10,"20","OlysetPlus",2
2020-10-06,3,9,0,0,0,12,9,"20","OlysetPlus",2
2020-10-06,3,0,0,3,3,6,0,"Control","Negative control",0
2020-10-06,2,1,0,0,0,3,1,"Control","Negative control",0
2020-10-06,3,7,0,1,1,11,7,"0","PermaNet2.0",1
2020-10-06,11,10,0,1,1,22,10,"0","PermaNet2.0",1
2020-10-06,32,18,0,0,0,50,18,"20","PermaNet2.0",1
2020-10-06,14,15,0,0,0,29,15,"20","PermaNet2.0",1
2020-10-07,28,27,0,0,0,55,27,"0","OlysetPlus",2
2020-10-07,2,11,0,0,0,13,11,"0","OlysetPlus",2
2020-10-07,4,33,0,0,0,37,33,"20","OlysetPlus",2
2020-10-07,7,20,0,0,0,27,20,"20","OlysetPlus",2
2020-10-07,7,1,0,1,1,9,1,"Control","Negative control",0
2020-10-07,19,4,0,6,6,29,4,"Control","Negative control",0
2020-10-07,14,8,0,0,0,22,8,"0","PermaNet2.0",1
2020-10-07,5,12,1,11,12,29,13,"0","PermaNet2.0",1
2020-10-07,18,11,0,0,0,29,11,"20","PermaNet2.0",1
2020-10-07,13,2,1,1,2,17,3,"20","PermaNet2.0",1
2020-10-08,23,8,1,0,1,32,9,"0","OlysetPlus",2
2020-10-08,18,21,0,0,0,39,21,"0","OlysetPlus",2
2020-10-08,26,15,0,0,0,41,15,"20","OlysetPlus",2
2020-10-08,38,33,0,0,0,71,33,"20","OlysetPlus",2
2020-10-08,16,0,0,2,2,18,0,"Control","Negative control",0
2020-10-08,11,1,0,3,3,15,1,"Control","Negative control",0
2020-10-08,25,13,0,1,1,39,13,"0","PermaNet2.0",1
2020-10-08,19,16,3,5,8,43,19,"0","PermaNet2.0",1
2020-10-08,60,17,0,3,3,80,17,"20","PermaNet2.0",1
2020-10-08,30,26,0,2,2,58,26,"20","PermaNet2.0",1
2020-10-09,34,8,0,0,0,42,8,"0","OlysetPlus",2
2020-10-09,7,6,0,0,0,13,6,"0","OlysetPlus",2
2020-10-09,16,19,0,1,1,36,19,"20","OlysetPlus",2
2020-10-09,9,15,0,0,0,24,15,"20","OlysetPlus",2
2020-10-09,9,2,0,0,0,11,2,"Control","Negative control",0
2020-10-09,3,0,0,3,3,6,0,"Control","Negative control",0
2020-10-09,22,16,0,0,0,38,16,"0","PermaNet2.0",1
2020-10-09,18,11,1,2,3,32,12,"0","PermaNet2.0",1
2020-10-09,45,17,0,1,1,63,17,"20","PermaNet2.0",1
2020-10-09,41,33,0,2,2,76,33,"20","PermaNet2.0",1
2020-10-10,20,8,1,0,1,29,9,"0","OlysetPlus",2
2020-10-10,1,0,0,0,0,1,0,"0","OlysetPlus",2
2020-10-10,18,15,0,0,0,33,15,"20","OlysetPlus",2
2020-10-10,9,8,0,0,0,17,8,"20","OlysetPlus",2
2020-10-10,6,0,0,3,3,9,0,"Control","Negative control",0
2020-10-10,14,1,1,6,7,22,2,"Control","Negative control",0
2020-10-10,36,10,0,0,0,46,10,"0","PermaNet2.0",1
2020-10-10,27,8,0,0,0,35,8,"0","PermaNet2.0",1
2020-10-10,37,7,1,0,1,45,8,"20","PermaNet2.0",1
2020-10-10,72,48,0,4,4,124,48,"20","PermaNet2.0",1
2020-10-12,21,11,0,0,0,32,11,"20","OlysetPlus",2
2020-10-12,18,18,0,1,1,37,18,"20","OlysetPlus",2
2020-10-12,8,3,0,0,0,11,3,"Control","Negative control",0
2020-10-12,8,0,0,4,4,12,0,"Control","Negative control",0
2020-10-12,7,1,0,0,0,8,1,"0","PermaNet2.0",1
2020-10-12,5,2,0,0,0,7,2,"0","PermaNet2.0",1
2020-10-12,23,15,1,1,2,40,16,"20","PermaNet2.0",1
2020-10-12,21,14,0,0,0,35,14,"20","PermaNet2.0",1
2020-10-12,15,21,2,3,5,41,23,"0","OlysetPlus",2
2020-10-12,10,14,0,1,1,25,14,"0","OlysetPlus",2
2020-10-13,43,11,1,3,4,58,12,"20","OlysetPlus",2
2020-10-13,31,5,1,4,5,41,6,"20","OlysetPlus",2
2020-10-13,8,3,0,0,0,11,3,"Control","Negative control",0
2020-10-13,15,0,0,2,2,17,0,"Control","Negative control",0
2020-10-13,12,3,0,0,0,15,3,"0","PermaNet2.0",1
2020-10-13,40,6,0,1,1,47,6,"0","PermaNet2.0",1
2020-10-13,23,10,0,2,2,35,10,"20","PermaNet2.0",1
2020-10-13,18,10,0,1,1,29,10,"20","PermaNet2.0",1
2020-10-13,20,17,0,0,0,37,17,"0","OlysetPlus",2
2020-10-13,18,15,1,1,2,35,16,"0","OlysetPlus",2
2020-10-14,28,0,0,2,2,30,0,"20","OlysetPlus",2
2020-10-14,60,3,0,0,0,63,3,"20","OlysetPlus",2
2020-10-14,4,0,0,5,5,9,0,"Control","Negative control",0
2020-10-14,12,0,0,1,1,13,0,"Control","Negative control",0
2020-10-14,13,0,0,3,3,16,0,"0","PermaNet2.0",1
2020-10-14,11,0,0,2,2,13,0,"0","PermaNet2.0",1
2020-10-14,41,17,0,3,3,61,17,"20","PermaNet2.0",1
2020-10-14,26,2,0,1,1,29,2,"20","PermaNet2.0",1
2020-10-14,35,35,0,0,0,70,35,"0","OlysetPlus",2
2020-10-14,20,1,0,0,0,21,1,"0","OlysetPlus",2
2020-10-15,25,0,0,0,0,25,0,"20","OlysetPlus",2
2020-10-15,18,2,0,0,0,20,2,"20","OlysetPlus",2
2020-10-15,8,0,0,0,0,8,0,"Control","Negative control",0
2020-10-15,0,0,0,0,0,0,0,"Control","Negative control",0
2020-10-15,4,0,0,2,2,6,0,"0","PermaNet2.0",1
2020-10-15,9,0,0,0,0,9,0,"0","PermaNet2.0",1
2020-10-15,35,2,0,3,3,40,2,"20","PermaNet2.0",1
2020-10-15,6,0,0,0,0,6,0,"20","PermaNet2.0",1
2020-10-15,32,9,0,1,1,42,9,"0","OlysetPlus",2
2020-10-15,23,22,0,0,0,45,22,"0","OlysetPlus",2
2020-10-16,17,21,0,0,0,38,21,"20","OlysetPlus",2
2020-10-16,18,13,0,0,0,31,13,"20","OlysetPlus",2
2020-10-16,2,0,0,0,0,2,0,"Control","Negative control",0
2020-10-16,8,0,0,1,1,9,0,"Control","Negative control",0
2020-10-16,26,2,0,1,1,29,2,"0","PermaNet2.0",1
2020-10-16,5,2,0,1,1,8,2,"0","PermaNet2.0",1
2020-10-16,24,0,0,0,0,24,0,"20","PermaNet2.0",1
2020-10-16,27,7,0,0,0,34,7,"20","PermaNet2.0",1
2020-10-16,19,15,1,1,2,36,16,"0","OlysetPlus",2
2020-10-16,16,13,1,1,2,31,14,"0","OlysetPlus",2
2020-10-17,48,12,1,0,1,61,13,"20","OlysetPlus",2
2020-10-17,32,15,0,1,1,48,15,"20","OlysetPlus",2
2020-10-17,13,0,0,1,1,14,0,"Control","Negative control",0
2020-10-17,11,0,0,1,1,12,0,"Control","Negative control",0
2020-10-17,17,0,0,0,0,17,0,"0","PermaNet2.0",1
2020-10-17,10,0,0,2,2,12,0,"0","PermaNet2.0",1
2020-10-17,47,1,0,1,1,49,1,"20","PermaNet2.0",1
2020-10-17,14,3,0,2,2,19,3,"20","PermaNet2.0",1
2020-10-17,15,8,0,0,0,23,8,"0","OlysetPlus",2
2020-10-17,16,13,0,0,0,29,13,"0","OlysetPlus",2
2020-10-18,68,7,2,1,3,78,9,"20","OlysetPlus",2
2020-10-18,10,7,0,0,0,17,7,"20","OlysetPlus",2
2020-10-18,2,0,1,2,3,5,1,"Control","Negative control",0
2020-10-18,9,0,0,0,0,9,0,"Control","Negative control",0
2020-10-18,39,9,0,1,1,49,9,"0","PermaNet2.0",1
2020-10-18,9,2,0,0,0,11,2,"0","PermaNet2.0",1
2020-10-18,69,2,1,0,1,72,3,"20","PermaNet2.0",1
2020-10-18,20,9,0,0,0,29,9,"20","PermaNet2.0",1
2020-10-18,33,2,0,0,0,35,2,"0","OlysetPlus",2
2020-10-18,11,12,0,0,0,23,12,"0","OlysetPlus",2
2020-10-20,7,1,0,0,0,8,1,"Control","Negative control",0
2020-10-20,0,2,0,2,2,4,2,"Control","Negative control",0
2020-10-20,12,9,0,2,2,23,9,"0","PermaNet2.0",1
2020-10-20,3,6,0,1,1,10,6,"0","PermaNet2.0",1
2020-10-20,19,12,0,1,1,32,12,"20","PermaNet2.0",1
2020-10-20,14,16,0,0,0,30,16,"20","PermaNet2.0",1
2020-10-20,5,26,0,0,0,31,26,"0","OlysetPlus",2
2020-10-20,24,29,0,0,0,53,29,"0","OlysetPlus",2
2020-10-20,51,25,0,0,0,76,25,"20","OlysetPlus",2
2020-10-20,10,20,0,1,1,31,20,"20","OlysetPlus",2
2020-10-21,16,6,0,12,12,34,6,"Control","Negative control",0
2020-10-21,3,0,0,2,2,5,0,"Control","Negative control",0
2020-10-21,13,8,0,1,1,22,8,"0","PermaNet2.0",1
2020-10-21,10,10,0,1,1,21,10,"0","PermaNet2.0",1
2020-10-21,23,19,0,0,0,42,19,"20","PermaNet2.0",1
2020-10-21,33,21,0,2,2,56,21,"20","PermaNet2.0",1
2020-10-21,23,14,0,0,0,37,14,"0","OlysetPlus",2
2020-10-21,7,19,0,0,0,26,19,"0","OlysetPlus",2
2020-10-21,27,26,0,0,0,53,26,"20","OlysetPlus",2
2020-10-21,8,16,0,0,0,24,16,"20","OlysetPlus",2
2020-10-22,12,7,0,0,0,19,7,"Control","Negative control",0
2020-10-22,13,2,0,1,1,16,2,"Control","Negative control",0
2020-10-22,11,14,0,0,0,25,14,"0","PermaNet2.0",1
2020-10-22,18,17,0,0,0,35,17,"0","PermaNet2.0",1
2020-10-22,28,12,0,1,1,41,12,"20","PermaNet2.0",1
2020-10-22,18,23,0,0,0,41,23,"20","PermaNet2.0",1
2020-10-22,39,20,0,0,0,59,20,"0","OlysetPlus",2
2020-10-22,10,15,0,0,0,25,15,"0","OlysetPlus",2
2020-10-22,48,21,0,5,5,74,21,"20","OlysetPlus",2
2020-10-22,13,24,0,0,0,37,24,"20","OlysetPlus",2
2020-10-23,11,2,0,3,3,16,2,"Control","Negative control",0
2020-10-23,16,2,0,2,2,20,2,"Control","Negative control",0
2020-10-23,11,0,0,0,0,11,0,"0","PermaNet2.0",1
2020-10-23,6,2,0,3,3,11,2,"0","PermaNet2.0",1
2020-10-23,7,5,0,3,3,15,5,"20","PermaNet2.0",1
2020-10-23,8,12,0,0,0,20,12,"20","PermaNet2.0",1
2020-10-23,26,16,1,0,1,43,17,"0","OlysetPlus",2
2020-10-23,17,6,0,0,0,23,6,"0","OlysetPlus",2
2020-10-23,20,0,3,0,3,23,3,"20","OlysetPlus",2
2020-10-23,23,16,0,0,0,39,16,"20","OlysetPlus",2
2020-10-24,13,0,0,2,2,15,0,"Control","Negative control",0
2020-10-24,9,0,0,0,0,9,0,"Control","Negative control",0
2020-10-24,2,3,0,3,3,8,3,"0","PermaNet2.0",1
2020-10-24,2,0,0,2,2,4,0,"0","PermaNet2.0",1
2020-10-24,23,0,0,1,1,24,0,"20","PermaNet2.0",1
2020-10-24,7,6,0,0,0,13,6,"20","PermaNet2.0",1
2020-10-24,9,14,0,0,0,23,14,"0","OlysetPlus",2
2020-10-24,7,4,0,0,0,11,4,"0","OlysetPlus",2
2020-10-24,26,44,0,0,0,70,44,"20","OlysetPlus",2
2020-10-24,6,14,1,0,1,21,15,"20","OlysetPlus",2
2020-10-25,6,0,0,6,6,12,0,"Control","Negative control",0
2020-10-25,8,0,0,1,1,9,0,"Control","Negative control",0
2020-10-25,9,10,0,1,1,20,10,"0","PermaNet2.0",1
2020-10-25,4,0,0,0,0,4,0,"0","PermaNet2.0",1
2020-10-25,10,4,0,0,0,14,4,"20","PermaNet2.0",1
2020-10-25,7,32,1,3,4,43,33,"20","PermaNet2.0",1
2020-10-25,5,7,2,0,2,14,9,"0","OlysetPlus",2
2020-10-25,4,24,0,0,0,28,24,"0","OlysetPlus",2
2020-10-25,15,47,0,3,3,65,47,"20","OlysetPlus",2
2020-10-25,13,10,0,0,0,23,10,"20","OlysetPlus",2
2020-10-26,8,1,0,6,6,15,1,"Control","Negative control",0
2020-10-26,2,0,0,0,0,2,0,"Control","Negative control",0
2020-10-26,4,4,0,0,0,8,4,"0","PermaNet2.0",1
2020-10-26,1,0,0,1,1,2,0,"0","PermaNet2.0",1
2020-10-26,10,3,0,0,0,13,3,"20","PermaNet2.0",1
2020-10-26,10,9,0,0,0,19,9,"20","PermaNet2.0",1
2020-10-26,8,0,0,1,1,9,0,"0","OlysetPlus",2
2020-10-26,2,0,0,0,0,2,0,"0","OlysetPlus",2
2020-10-26,5,0,1,1,2,7,1,"20","OlysetPlus",2
2020-10-26,13,12,0,1,1,26,12,"20","OlysetPlus",2
